{
  "name": "GTD Web",
  "short_name": "GTD",
  "description": "Getting Things Done web app with local persistence",
  "start_url": "/",
  "display": "standalone",
  "background_color": "#ffffff",
  "theme_color": "#6366f1",
  "icons": [
    {
      "src": "data:image/svg+xml,%3Csvg xmlns='http://www.w3.org/2000/svg' viewBox='0 0 100 100'%3E%3Crect width='100' height='100' fill='%236366f1'/%3E%3Ctext x='50' y='65' font-size='50' text-anchor='middle' fill='white' font-family='Arial, sans-serif' font-weight='bold'%3EG%3C/text%3E%3C/svg%3E",
      "sizes": "192x192",
      "type": "image/svg+xml"
    },
    {
      "src": "data:image/svg+xml,%3Csvg xmlns='http://www.w3.org/2000/svg' viewBox='0 0 100 100'%3E%3Crect width='100' height='100' fill='%236366f1'/%3E%3Ctext x='50' y='65' font-size='50' text-anchor='middle' fill='white' font-family='Arial, sans-serif' font-weight='bold'%3EG%3C/text%3E%3C/svg%3E",
      "sizes": "512x512",
      "type": "image/svg+xml"
    }
  ]
}
